Video title,Video link,Post time,Video views,Likes,Comments,Shares,Add to Favorites
Нормален следобед в Плевен 🤷‍♂️🍝  Защо е важно: Пастата е 🔥 Къде: vintagerest.bg 📍  #плевен #паста #vintagerestaurant #безплатнадоставка #bulgaria #normality #pleven #viral,https://www.tiktok.com/@vintagerest.bg/video/7567452112981069079,2025/10/31 18:19:10,172353,1774,42,413,180
"2025-а беше годината, в която една мечта стана реалност. ✨ Една година ресторант Vintage – през трудностите и добрите моменти, но винаги тук. Благодарим ви, че сте наши клиенти и нашата най-голяма мотивация! Продължаваме и през новата година – за ваша радост! 😉 Наздраве за една успешна и емоционална 2026! 🥂🎆 #VintageRestaurant #НоваГодина #2026 #Успех #емоция ",https://www.tiktok.com/@vintagerest.bg/video/7590060843279060246,2025/12/31 16:32:37,3382,135,4,3,6
"Още малко търпение... Отваряме на 05.01! 👇😂 Тагни някой, който вече няма търпение за първото излизане през новата година! 🥂✨ 📍 Restaurant Vintage, Плевен 📅 Запишете си датата: 05.01 🕒 Работно време: 10:00 - 23:00 #reopening #0501 #restaurantvintage #pleven #bulgaria ",https://www.tiktok.com/@vintagerest.bg/video/7589711711284759830,2025/12/30 17:57:47,52927,906,12,272,77
"Науката си е наука, кой сме ние да спорим с нея? 🤷‍♂️📈 Доверете се на експертите във Vintage! 😉 #VintageRestaurant #ScienceFacts #Tipping #сервитьори #ресторант ",https://www.tiktok.com/@vintagerest.bg/video/7589336509124300054,2025/12/29 17:41:52,1202,40,0,1,0
"Най-бързият обратен завой в историята на Vintage! ↩️💨 Когато влезеш с усмивка за ""Bestie mode"", но видиш, че ""Manager mode"" е на макс... просто изчезваш безследно. 👻 Позната история? 😂 #VintageRestaurant #fail #funny #backstage #колеги ",https://www.tiktok.com/@vintagerest.bg/video/7588963100921974038,2025/12/28 17:32:49,1515,46,1,4,2
"8 часа тичане и накрая те виждат точно в 5-те секунди, когато си седнал... 💀😂 Няма такъв късмет! #VintageRestaurant #BadLuck #ЗаконътНаМърфи #ресторант #шеф ",https://www.tiktok.com/@vintagerest.bg/video/7588598243529870614,2025/12/27 17:56:58,19626,448,4,200,39
"Когато шефът каже „Мислете с главите си“, а ние го приемем твърде лично... 🧹🤯 Екипът на Vintage винаги намира начин да свърши работата! Заповядайте при нас за добро настроение и вкусна храна. 👇 #RestaurantLife #WorkHumor #Pleven #vintagerestaurant ",https://www.tiktok.com/@vintagerest.bg/video/7588230361499356438,2025/12/26 18:09:25,67563,724,19,556,64
Весела Коледа от целия екип на Vintage! Бъдете винаги усмихнати! 🎄❤️ . . #fyp #Vintage #бгхумор  #БгХумор,https://www.tiktok.com/@vintagerest.bg/video/7587842117775510806,2025/12/25 17:02:51,1154,27,0,1,0
"POV: Търсиш шефа да оправи кашата, а той вече е в роля и снима контент. 🎬😂 Приоритетите в Vintage са ясни! Елате да хапнете, докато ние ставаме viral. 💅 ​#Vintage #Restaurant #Comedy #Boss #смях ",https://www.tiktok.com/@vintagerest.bg/video/7587478974318628118,2025/12/24 17:33:39,1685,63,0,2,0
"Затваряме вратите, за да отворим сърцата си за празниците. 📅 ВАКАНЦИЯ: 24.12 – 04.01 Връщаме се на 5-ти януари, заредени с нови сили! Весели празници от целия екип на Винтидж! 🎄❤️ #VintageRestaurant #Pleven #HolidayVibes #RestaurantLife #Christmas2025 ",https://www.tiktok.com/@vintagerest.bg/video/7587114980542123286,2025/12/23 18:01:09,876,4,0,0,0
"В Restaurant Vintage екипът ни е като семейство... докато мениджърът не види, че някой стои със скръстени ръце! 😂🧹 Макар и да обичаме шегите, когато стане въпрос за вашата храна и преживяване, сме максимално сериозни. Заповядайте при нас, за да се насладите на уютна атмосфера, където традицията среща съвремието. ✨ Защо да ни посетите днес? 🍱 Вкусно обедно меню 🍷 Богата селекция от напитки ❤️ Усмихнат (и понякога строг) екип 📍 ул. „Ангел Кънчев“ 25, гр. Плевен 📞 Резервации: 087 705 5070 ⏰ Отворени сме всеки ден: 10:00 - 23:00 #RestaurantVintage #Pleven #RestaurantHumor #WorkLife #Плевен",https://www.tiktok.com/@vintagerest.bg/video/7586733025195511062,2025/12/22 17:18:58,1850,68,1,7,4
"Понякога думите са излишни. ✨ Това е Vintage стандартът – отношение, което се усеща, и вкус, който се помни. Ние не просто сервираме храна, ние създаваме моментите, които ти липсват през седмицата. Ела и го преживей. 📞 Запази своето място: 087 705 5070 💻 Меню и поръчки: vintagerest.bg #VintagePleven #Moments #GoodVibes #Плевен #Ресторант ",https://www.tiktok.com/@vintagerest.bg/video/7586382634251521302,2025/12/21 18:39:17,1636,74,0,5,4
"Когато шефът каже, че е намерил „топ професионалист“ от Испания... 🇪🇸👨‍🍳 Очаквайте неочакваното в Ресторант Vintage! 😂 Hashtags: #RestaurantVintage #Pleven #FunnyChef #ExpectationVsReality #Ресторант ",https://www.tiktok.com/@vintagerest.bg/video/7586007963161185558,2025/12/20 18:25:24,3826,63,0,17,3
"POV: Когато шефът каже ""Пълни залата или си аут!"" 😂 Внимавайте като минавате покрай Vintage, че сме много мотивирани днес! #pleven #funny #restaurantlife #vintagepleven #humor ",https://www.tiktok.com/@vintagerest.bg/video/7585628522371239190,2025/12/19 17:52:57,6719,171,1,38,11
"Някои престъпления просто не могат да бъдат подминати! 🚔✋ В Vintage правилата са прости: хващаш здраво и хапваш! Тагнете приятел, който има нужда от такова ""обучение""! 😂👇 #VintageRules #Бургер #БезНожИВилица #Забавно #Плевен ",https://www.tiktok.com/@vintagerest.bg/video/7585245201396976918,2025/12/18 17:05:27,2642,83,2,2,2
"Работно време: До 3... ама какво? 😳😂 Описание: Попитах до колко работят... получих най-точния отговор на света! 😂 Когато шефът реши да затвори, значи се затваря. 🤷‍♂️ Елате по-рано във Vintage Restaurant! 📍 Плевен, ул. ""Ангел Кънчев"" 25 #VintagePleven #DadJoke #Comedy #Sarcasm #РаботноВреме ",https://www.tiktok.com/@vintagerest.bg/video/7584873579989404950,2025/12/17 17:03:23,33138,320,10,107,28
"Попитахте „Може ли за вкъщи?“ и ние казахме „Да“. Технически погледнато, изпълнихме поръчката! 🤷‍♂️🍽️ ​Във Vintage Restaurant обичаме да се шегуваме, но храната ни е сериозно добра. Елате да ви обслужим (обещаваме да ползваме кутии следващия път). 😉 ​📍 Плевен, ул. ""Ангел Кънчев"" 25 🕙 Всеки ден: 10:00 - 23:00 ​#VintagePleven #FunnyMoments #Ресторант #ЗаВкъщи #Плевен ",https://www.tiktok.com/@vintagerest.bg/video/7584515366215290134,2025/12/16 17:53:20,17673,148,3,31,9
"Има места, през които просто минаваш, и места, където оставаш. ✨ В Vintage Restaurant създаваме моменти – от сутрешното кафе до перфектната вечеря с приятели. Атмосфера, стил и вкус, които няма да сбъркаш. Твоята маса те очаква в центъра на Плевен! 🥂 📍 ул. „Ангел Кънчев“ 25 📞 Резервирай на: 087 705 5070 🌐 vintagerest.bg #VintagePleven #PlevenCenter #GoodFoodGoodMood #РесторантПлевен #ВремеЗаВечеря ",https://www.tiktok.com/@vintagerest.bg/video/7584142743669099798,2025/12/15 17:47:22,2376,25,0,0,1
"Любимият въпрос на всеки от персонала... Всеки ден, поне по веднъж! 😅 Шегата настрана, ние сме най-големите ""фенове"" на Vintage, но и работим здраво, за да ви е вкусно. Елате да ни проверите! 😉 📍 Плевен, ул. ""Ангел Кънчев"" 25 #VintagePleven #RestaurantLife #СервитьорскиНеволи #Смях #Плевен ",https://www.tiktok.com/@vintagerest.bg/video/7583775111832931606,2025/12/14 18:00:44,1827,62,0,9,0
"Някои казват, че е скъпо, аз казвам, че е инвестиция в бъдещето! 😂 Във Vintage предлагаме не само най-вкусните ребърца в Плевен, но и... дискретност на световно ниво. 😉 Елате да хапнете (само внимавайте с кого): 📍 Плевен, ул. ""Ангел Кънчев"" 25 #RestaurantVintage #Pleven #BoyMath #Смях #DinnerGoneWrong ",https://www.tiktok.com/@vintagerest.bg/video/7583398265484266774,2025/12/13 17:38:24,99204,989,9,230,95
"15 минути нерешителност vs. 1 уверено решение. 🏆 Когато знаеш, че Дърпаното Телешко е единственият отговор! Тагни приятел, който винаги е в същата дилема! 👇 #ДърпаноТелешко #РибозоИлиТелешко #RestaurantVintage #Плевен #Хумор """,https://www.tiktok.com/@vintagerest.bg/video/7583025907456019734,2025/12/12 17:33:30,1050,46,0,0,1
"Когато сметката дойде и ""братството"" е под въпрос... 😂🧼 Спокойно, в Restaurant Vintage не караме клиентите да мият чинии (освен ако сами не настояват)! При нас идвате за вкусната храна и яката атмосфера, а кой ще плаща – ще се разберете на масата (или с ези-тура). 😉 Заповядайте да тествате менюто ни (и приятелите си): 📍 Локация: гр. Плевен, ул. ""Ангел Кънчев"" 25 (Център) 📞 За резервации: 087 705 5070 ⏰ Работим: Всеки ден от 10:00 до 23:00 #RestaurantVintage #Pleven #Плевен #FoodLover #FunnyVideo ",https://www.tiktok.com/@vintagerest.bg/video/7582647861351992598,2025/12/11 17:06:27,1240,50,1,1,1
"Когато Шеф Орлин превежда, ние си водим записки! 📝🇮🇹 Ризото „Пескаторе“ не е просто храна, а „магия в чиния“. Елате да си оближете пръстите (салфетките са от нас). 😋 📍 Плевен, ул. ""Ангел Кънчев"" 25 #RestaurantVintage #Pleven #ChefLife #FunnySkit #RisottoPescatore ",https://www.tiktok.com/@vintagerest.bg/video/7582286719353998614,2025/12/10 17:45:03,1326,52,1,1,1
"Той си мислеше, че ще мине само с една хапка... ама друг път!  🍝 Ризото ""Пескаторе"" в Vintage не прощава – или го изяждаш цялото, или поръчваш второ! 🍤 Кой е вашият приятел, който винаги казва ""не съм гладен"" и после ти изяжда храната? Тагнете го в коментарите! 👇 #foodcomedy #funnyvideos #risotto #vintagerestaurant #couplegoals ",https://www.tiktok.com/@vintagerest.bg/video/7581907007762910467,2025/12/09 17:11:35,5090,88,0,2,3
"Само погледни това оранжево изкушение! 😍🍝 Едно оризото, което ще те пренесе в Италия. 🤤 Ако си в Плевен и търсиш вкусен обяд или вечеря, знаеш къде да ни намериш! 👇 #СготвеноСЛюбов #ризото #ВинтиджРесторант #Плевен #VintageRest   P.S. Запази си маса, преди да е свършило! 😉",https://www.tiktok.com/@vintagerest.bg/video/7581552053755956502,2025/12/08 18:14:11,960,15,0,0,0
"В Vintage вярваме, че обядът или вечерята не са просто хранене, а ритуал. Моментът, в който спираш да бързаш и започваш да се наслаждаваш. Ела ни на гости и усети разликата. 📍 Плевен, ул. ""Ангел Кънчев"" 25 📞 087 705 5070 #VintagePleven #RestaurantVintage #PlevenFood #GoodVibes #ClassicTaste ",https://www.tiktok.com/@vintagerest.bg/video/7581188311708896514,2025/12/07 18:42:37,561,8,0,0,0
"Само за ценители. (Плъзнете, за да усетите vibe-а ➡️). #VintageVibes #LuxuryTok #QuietLuxury #PlevenSecret #BrandAwareness",https://www.tiktok.com/@vintagerest.bg/video/7580808057928584470,2025/12/06 18:07:03,517,8,0,0,0
Не и когато вечерята изглежда така! 😍🍖 087 705 5070 за резервации. #Grill #MeatLover #Bulgaria #Yummy #Зима ,https://www.tiktok.com/@vintagerest.bg/video/7580435005562801430,2025/12/05 17:59:26,516,13,0,0,0
"(Плъзнете настрани, за да видите разликата ➡️) Зимните вечери са създадени за дълги разговори, мека светлина и храна, която стопля душата. Очакваме ви за вечеря. 📲 Запази маса: 087 705 5070 #VintagePleven #InteriorDesign #DinnerTime #RestaurantLife #Bulgaria ",https://www.tiktok.com/@vintagerest.bg/video/7580079490261421334,2025/12/04 18:59:50,903,20,0,0,1
"Не си само ти! Тази година забрави за люспите по плочките и проветряването на кухнята посред зима. Ние от @vintagerest.bg поемаме ""мръсната работа"", а за теб остава само празнуването. 🥂 Какво получаваш? ✅ Огромен пълнен шаран (до 3 кг!) – хрупкав и златист. ✅ Свежа зелена салата за компания. ✅ Никакво чистене и готвене. 💰 Цена на целия пакет: 60 лв. ⚠️ Важно: Приемаме поръчки за вкъщи само до 5-ти декември! Капацитетът се запълва бързо. 📞 Поръчай сега на: 087 705 5070 📍 Или запази маса на място в Плевен. #Pleven #RestaurantVintage #Никулден2024 #Плевен #FoodDelivery ",https://www.tiktok.com/@vintagerest.bg/video/7579712133445848342,2025/12/03 19:14:20,861,11,0,1,1
"Спри! ✋ Когато си в центъра на Плевен, няма нужда да търсиш. Vintage е единственото място за: ✅ 100% Прясна, ръчно правена храна ✅ Модерен Български вкус ✅ Vibe, който си струва! Ела и провери! 📍 Център Плевен | 📞 087 705 5070 #Плевен #VintageVibes #TikTokBulgaria #ХранаВПлевен #NoFrozenFood ",https://www.tiktok.com/@vintagerest.bg/video/7579339217302605078,2025/12/02 19:07:13,672,15,0,0,1
"Където времето спира, а вкусът говори. 🕰️🍷 Винтидж не е просто име, а усещане – за елегантност, уют и храна, приготвена със сърце. Подарете си вечер, която ще помните. Резервирайте своята маса: 📞 087 705 5070 🌐 vintagerest.bg #VintageRestaurant #ГурмеХрана #Вечеря #Елегантност #плевен ",https://www.tiktok.com/@vintagerest.bg/video/7578980579354348822,2025/12/01 19:55:30,2922,59,0,8,2
"60 лв за огромен пълнен шаран + салата? 🥗 Да, и идва топъл! 🚚 Поръчай до 5-ти декември на 📞 087 705 5070. #foryou #fyp #Bulgaria #никулден2025  #VintageRestaurant",https://www.tiktok.com/@vintagerest.bg/video/7578616296305102102,2025/11/30 20:21:54,1079,41,2,1,0
"Когато някой си поиска лед за червеното вино... 🚩🚩🚩 (Тагнете приятел, който прави така 👇) ⚠️ FAKE SITUATION / FAKE SLAP ⚠️ 🍷 Течността е сок (Grape Juice). Видеото е скеч с комедийна цел! Заповядайте да се посмеем и хапнем вкусно заедно: 📍 Ресторант Vintage, Плевен #fakesituation #fakebody #skit #comedy #pleven ",https://www.tiktok.com/@vintagerest.bg/video/7578215340950211843,2025/11/29 18:25:59,541,17,0,0,1
"Тази Нова година сме подготвили за вас не просто вечеря, а истинско гурме преживяване и уютна атмосфера! Остават последни свободни места – не оставяйте празника за последния момент. ✨ Какво включва Вашият куверт (140 лв.): 👨‍🍳 ВАШИЯТ ИЗБОР ЗА ОСНОВНО: 🍗 Вариант 1: Печено пилешко с чедър и моцарела върху пюре от батат. 🥩 Вариант 2: Пълнена свинска поркета с трюфел, чоризо и ризото. 🥗 Включено още: • Свежа селска салата • Традиционна баница с късмети и питка • Италианско Тирамису • Сухо мезе и ядки • Ракия, Вода и Сок 🎼 Очаква ви празнична обстановка, вкусна храна и спазени традиции! ⏳ Местата се запълват бързо! Осигурете маса за вашето семейство или компания днес. 👉 ЗА ДА ЗАПАЗИТЕ МЕСТА! 📍 Vintage Restaurant, гр. Плевен 📞 Телефон: 087 705 5070",https://www.tiktok.com/@vintagerest.bg/video/7577861404594654486,2025/11/28 19:32:32,857,6,1,0,1
"Хей, стоп! 🤚 Този въпрос е сериозен. Животът е твърде кратък за храна, която не храни душичката. 💔 Ако не помниш, имаш само едно място, където трябва да си сега. 📍 👇 Докажи, че си гладен! Напиши ни кое е любимото ти ястие в коментарите! 📞 087 705 5070 | vintagerest.bg #SoulFood #RealTalk #TikTokBulgaria #Pleven #VintageVibes ",https://www.tiktok.com/@vintagerest.bg/video/7577474797894946070,2025/11/27 18:32:18,1039,53,2,0,3
POV: 30 минути гледаш менюто и пак не знаеш какво искаш. Ние:  ⬇️ ОСТАВИ ТОВА НА МЕН. ⬇️ Спри да мислиш. Започни да ядеш. 😎  Защото животът е твърде кратък за лоши решения или празни чинии. [Коментирай с 🦐 ако би поръчал това ризото!] 📞 087 705 5070 | vintagerest.bg #ASMRFood #POV #TrustFall #VintagePleven #НямаВремеЗаГлад ,https://www.tiktok.com/@vintagerest.bg/video/7576736097342868758,2025/11/25 18:45:46,1019,25,0,0,0
"ВНИМАНИЕ: Звукът на глада. 🤤 Ако чуеш разликата, значи знаеш какво е истинско. Предупреждаваме, гледането на празен стомах е забранено! 🚫 ➡️ Коментирай с [🤤] ако огладня! ➡️ Коментирай с [🔥] ако харесваш този ритъм! 📞 Поръчай: 087 705 5070 | vintagerest.bg #ASMRFood #VintagePleven #Хрупкавост #FoodPorn #ТикТокБГ ",https://www.tiktok.com/@vintagerest.bg/video/7576021496410148118,2025/11/23 20:32:45,548,12,1,1,0
Контрол на качеството: Ниво Експерт. ✅👀 Във @vintagerest.bg детайлите имат значение. Кой приятел е такъв перфекционист? Тагнете го долу! 👇 #QualityControl #ChefLife #VintageVibes #Foodie #FunnyVideo ,https://www.tiktok.com/@vintagerest.bg/video/7575257419836673302,2025/11/21 19:07:45,748,33,1,2,0
Caption: POV: Събрахме целия елит на Плевен в една стая 💀 5 глави мислят по-добре от една? Едва ли. 😂 Featuring:  🔥 @filipovwd   @Сладкишчо 🍰   Част 1 от 3. Кой спечели спора? 👇 #squadgoals #pleven #bulgaria #businessowners #collab ,https://www.tiktok.com/@vintagerest.bg/video/7574882533796613398,2025/11/20 18:52:59,4039,126,3,18,8
Преди мен: Меню от 90-те и замразени продукти. 👎 След мен... ела и виж сам. #vintagerest #pleven #phonk #transformation #boss ,https://www.tiktok.com/@vintagerest.bg/video/7573772596114640150,2025/11/17 19:05:52,2682,78,3,8,3
"Това ли искаш? 🥶 Или искаш ТОВА? 🔥 Ние избираме прясното. Винаги. 👑 ""Нищо замразено. Никога!"" Поръчай на 👉 vintagerest.bg #VintagePleven #Pleven #FoodTok #FreshFood #FreshVsFrozen ",https://www.tiktok.com/@vintagerest.bg/video/7573405949931621654,2025/11/16 19:23:06,2043,57,3,1,4
Някой да е казал „специално отношение“? 😉 Ние го приемаме... *много* сериозно. 😅 #vintagerestbg #fyp #смях #хумор #balkantiktok #viral #ресторант #обслужване #вайб #funny,https://www.tiktok.com/@vintagerest.bg/video/7570790029866339586,2025/11/09 18:11:59,1385,48,2,14,1
"🚫 Нищо замразено. ✅ Всичко прясно, тук и на момента. Ако искаш бързо – има си места за това. 🤷‍♂️ При нас е КАЧЕСТВО. #качествотоизисква време #пряснахрана #истинскахрана #незамразено #fastfoodvsfastfood #burger #burgertok #foodtok #pleven #vintage #fyp #foryou #затеб #тиктокбългария",https://www.tiktok.com/@vintagerest.bg/video/7570416936627047702,2025/11/08 18:04:12,1574,56,0,0,2
"Когато братята от @FilipovWD се съберат, изборът е ясен! 💯 За перфектна атмосфера и храна, на която не можеш да устоиш – @VintageRest. Братята избраха Винтидж, а ти? Поръчай сега на ➡️ vintagerest.bg #FilipovWD #VintageRest #БратятаИзбрахаВинтидж #ПоръчайСега #vintagerestbg #колаборация #ресторант #храна #качество #vintage",https://www.tiktok.com/@vintagerest.bg/video/7570051190302510359,2025/11/07 18:24:55,2160,66,0,3,2
Направих огромна грешка... сготвих повече! 😅 Има ли някой гладен? Помогнете на един шеф в беда! 😉 Резервирайте маса на vintagerest.bg #някойгладен #огромнагрешка #помогнетенаединшеф #vintagerest #chefproblems ,https://www.tiktok.com/@vintagerest.bg/video/7569683130605374742,2025/11/06 18:36:38,898,36,0,1,0
Той пази рецептата по-добре от държавна тайна. 🧑‍🍳 И накрая... винаги е било това. ❤️ #pov #шеф #тайнасъставка #обич #ресторант #смях #забавно #chef #secretingredient #balkan,https://www.tiktok.com/@vintagerest.bg/video/7569308647835061526,2025/11/05 18:23:27,1977,76,1,1,3
"Когато те мързи, ама колегата... 😱😂  Всички днес сме малко ""Комо"". 😴 Не ставай от дивана. Ние носим! 🍔  Поръчай от линка в БИО-то! 👆  #мързел #Комо #работа #офис #доставка #доставканахрана #vintagerest #смях #fyp #foryoupage #българия #храна #funatwork",https://www.tiktok.com/@vintagerest.bg/video/7568926128224750870,2025/11/04 17:39:06,2058,67,3,5,3
👉 Готов за ястия с ресторантско качество у дома? Посети vintagerest.bg или обади се на 0877055070 за безплатна доставка в Плевен! #кухненскитрикове #satisfying #яйцарезачка #mealprep #vintagerestaurant #плевен #безплатнадоставка #бургер #ресторант #fooddelivery,https://www.tiktok.com/@vintagerest.bg/video/7568561518476872982,2025/11/03 18:04:14,1604,48,0,1,2
"Винтидж моменти, доставени при теб 🍔✨  vintagerest.bg 📞0877055070 🚗 Безплатна доставка в Плевен  #плевен #vintagerestaurant #безплатнадоставка #бургер #fooddelivery #ресторант",https://www.tiktok.com/@vintagerest.bg/video/7568189493539441922,2025/11/02 18:00:35,2191,64,3,16,1
Гладен? Решението е тук 🍔🔥 vintagerest.bg 📞 +359 87 705 5070 🚗 Безплатна доставка в Плевен #плевен #бургер #vintagerestaurant #безплатнадоставка #fooddelivery,https://www.tiktok.com/@vintagerest.bg/video/7567818627731229974,2025/11/01 18:01:24,704,17,0,2,0